{
  "松风涧": 0.021602513747054203,
  "月栖滩": 0.03809897879025923,
  "云岫台": 0.021209740769835034,
  "花溪渡": 0.014925373134328358,
  "星垂浦": 0.05420267085624509,
  "竹影潭": 0.08601728201099765,
  "雾隐桥": 0.1,
  "棠香坞": 0.03220738413197172,
  "枫径斜": 0.020816967792615867,
  "荷风榭": 0.04006284367635507,
  "砚池春": 0.01728201099764336,
  "书声崖": 0.0384917517674784,
  "画舫驿": 0.031029065200314218,
  "棋趣坪": 0.01610369206598586,
  "诗墙巷": 0.012961508248232521,
  "灯影廊": 0.031421838177533384,
  "拓片台": 0.021209740769835034,
  "弦歌榭": 0.022388059701492536,
  "忆旧轩": 0.03220738413197172,
  "问津亭": 0.017046347211311846,
  "雀跃坪": 0.05302435192458759,
  "蝶踪径": 0.03338570306362922,
  "萤火星": 0.034171249018067555,
  "风铃渡": 0.030243519245875882,
  "落英阶": 0.012961508248232521,
  "镜心湖": 0.03652788688138256,
  "踏浪矶": 0.02788688138256088,
  "叠翠屏": 0.03181461115475255,
  "听雪轩": 0.01610369206598586,
  "陆小凤": 0.018067556952081697,
  "小凤路": 0.03652788688138256
}